N,drug_name,event_name,drug_id,event_id
-1,Terbinafine: terbinafine,Tinea infection: Dermatophytosis (disorder),1741309,47382004
-1,Perampanel: perampanel,Epilepsy: Epilepsy (disorder)|Refractory epilepsy (disorder)|Symptomatic generalized epilepsy (disorder)|Epileptic seizure (finding),42904177,84757009|445355009|71831005|313307000
-1,Eslicarbazepine: eslicarbazepine,Epilepsy: Epilepsy (disorder)|Refractory epilepsy (disorder)|Symptomatic generalized epilepsy (disorder)|Epileptic seizure (finding),44507780,84757009|445355009|71831005|313307000
-1,Miglustat: Miglustat,Dysphagia: Dysphagia (disorder)|Functional dysphagia (disorder)|Unable to swallow (finding)|Swallowing problem (finding),19045272,40739000|722875003|249486008|399122003
-1,Trihexyphenidyl: Trihexyphenidyl,Salivary hypersecretion: Excessive salivation (disorder),705178,53827007
-1,Olanzapine: olanzapine,Psychomotor retardation: Motor retardation (finding),785788,398991009
-1,Acetazolamide: Acetazolamide,Anuria: Anuria (finding),929435,2472002
-1,Amisulpride: Amisulpride,Urinary incontinence: Urinary incontinence (finding),19057607,165232002
-1,Acetylcysteine: Acetylcysteine,Dermatitis allergic: Cutaneous hypersensitivity (disorder)|Atopic dermatitis (disorder),1139042,21626009|24079001
-1,Amitriptyline: Amitriptyline,Apathy: Loss of motivation (finding)|Indifference (finding),710062,277521002|20602000
-1,Aminosalicylic acid: aminosalicylic acid,Insomnia: Difficulty sleeping (finding)|Chronic insomnia (disorder)|Insomnia (disorder),1726228,301345002|724748004|193462001
-1,Amikacin: Amikacin,Skin exfoliation: Scaly skin (finding)|Peeling of skin (finding),1790868,271761007|271767006
-1,Acetylcysteine: Acetylcysteine,Blister: Blister of skin AND/OR mucosa (disorder)|Vesicle (morphologic abnormality),1139042,417237009|82515000
-1,Aceclofenac: aceclofenac,Swelling face: Facial swelling (finding),19029393,278528006
-1,Aminosalicylic acid: aminosalicylic acid,Depression: Acute depression (disorder)|Atypical depressive disorder (disorder)|Recurrent depression (disorder)|Depressive disorder (disorder)|Chronic depression (disorder)|Mixed anxiety and depressive disorder (disorder),1726228,712823008|191659001|191616006|35489007|192080009|231504006
-1,Alprazolam: Alprazolam,Psychomotor retardation: Motor retardation (finding),781039,398991009
-1,Acetylcysteine: Acetylcysteine,Hiccups: Hiccoughs (finding),1139042,65958008
-1,Amisulpride: Amisulpride,Irritability: Feeling irritable (finding),19057607,55929007
-1,Amlodipine: Amlodipine,Skin lesion: Skin lesion (disorder),1332418,95324001
-1,Amiodarone: Amiodarone,Haematochezia: Hematochezia (finding),1309944,405729008
-1,Amlodipine: Amlodipine,Pain in jaw: Jaw pain (finding),1332418,274667000
-1,Amisulpride: Amisulpride,Disturbance in attention: Disturbance of attention (finding)|Unable to concentrate (finding),19057607,76039005|60032008
-1,Amisulpride: Amisulpride,Speech disorder: Difficulty talking (finding)|Disturbance in speech (finding),19057607,286378009|29164008
-1,Acetazolamide: Acetazolamide,Loss of consciousness: Loss of consciousness (finding)|Syncope (disorder)|Unconscious (finding),929435,419045004|271594007|418107008
-1,Amlodipine: Amlodipine,Ear pain: Otalgia (finding),1332418,16001004
-1,Amorolfine: Amorolfine,Burning sensation: Burning sensation (finding)|Burning feet (finding),19032619,90673000|36031001
-1,Aminosalicylic acid: aminosalicylic acid,Psychotic disorder: Paranoid disorder (disorder)|Psychotic disorder (disorder),1726228,191667009|69322001
-1,Acetylcysteine: Acetylcysteine,Dry throat: Pharyngeal dryness (finding),1139042,102618009
-1,Allopurinol: Allopurinol,Delirium: Delirious (finding)|Delirium (disorder),1167322,419567006|2776000
-1,Acetazolamide: Acetazolamide,"Hallucination, visual: Visual hallucinations (finding)",929435,64269007
-1,Aceclofenac: aceclofenac,Dermatitis allergic: Cutaneous hypersensitivity (disorder)|Atopic dermatitis (disorder),19029393,21626009|24079001
-1,Allopurinol: Allopurinol,Odynophagia: Swallowing painful (finding),1167322,30233002
-1,Allopurinol: Allopurinol,Pain of skin: Pain of skin (finding),1167322,301364008
-1,Acetazolamide: Acetazolamide,Dysuria: Dysuria (finding)|Difficulty passing urine (finding),929435,49650001|102835006
-1,Amitriptyline: Amitriptyline,Cold sweat: Clammy skin (finding)|Cold sweat (finding),710062,102598000|83547004
-1,Allopurinol: Allopurinol,Glossodynia: Glossodynia (disorder),1167322,30731004
-1,Acetazolamide: Acetazolamide,Dysaesthesia: Dysesthesia (finding),929435,279079003
-1,Amitriptyline: Amitriptyline,Oral discomfort: Burning mouth syndrome (disorder),710062,399165002
-1,Amitriptyline: Amitriptyline,Feeling cold: Sensation of being cold (finding),710062,724233009
-1,Amitriptyline: Amitriptyline,Listless: Indifference (finding),710062,20602000
-1,Amikacin: Amikacin,Gastritis: Gastroduodenitis (disorder)|Acute gastritis (disorder)|Gastritis (disorder),1790868,196731005|25458004|4556007
-1,Amikacin: Amikacin,Injection site rash: Injection site eruption (disorder),1790868,860897009
-1,Acetylcysteine: Acetylcysteine,Oropharyngeal pain: Pain in throat (finding),1139042,162397003
-1,Amitriptyline: Amitriptyline,Haematuria: Frank hematuria (disorder)|Blood in urine (finding),710062,197941005|34436003
-1,Amitriptyline: Amitriptyline,Pallor: Pale - symptom (finding)|Body pale (finding)|Blanching of skin (finding),710062,267029006|274643008|4470009
-1,Allopurinol: Allopurinol,Abdominal distension: Abdominal distension symptom (finding)|Abdominal bloating (finding)|Swollen abdomen (finding),1167322,162068007|116289008|60728008
-1,Allopurinol: Allopurinol,Oral candidiasis: Candidiasis of mouth (disorder),1167322,79740000
-1,Amitriptyline: Amitriptyline,Throat tightness: Constriction in throat (finding)|Tightness in throat (finding),710062,247324004|247323005
-1,Aminosalicylic acid: aminosalicylic acid,Skin discolouration: Discoloration of skin (finding),1726228,3253007
-1,Amlodipine: Amlodipine,Colitis: Proctocolitis (disorder)|Colitis (disorder)|Sigmoiditis (disorder),1332418,418130002|64226004|235765004
-1,Amlodipine: Amlodipine,Haematemesis: Coffee ground vomiting (disorder)|Hematemesis (disorder),1332418,40835002|8765009
-1,Amitriptyline: Amitriptyline,Psoriasis: Psoriasis vulgaris (disorder)|Psoriasis of scalp (disorder)|Psoriasis (disorder)|Psoriasis of anogenital region (disorder)|Plaque psoriasis (disorder),710062,200975007|238608008|9014002|721538000|200965009
-1,Allopurinol: Allopurinol,Sinusitis: Sinusitis (disorder)|Maxillary sinusitis (disorder),1167322,36971009|88348008
-1,Amiodarone: Amiodarone,Gingival bleeding: Bleeding gums (finding),1309944,86276007
-1,Amitriptyline: Amitriptyline,Influenza like illness: Influenza-like illness (finding)|Influenza-like symptoms (finding),710062,95891005|315642008
-1,Allopurinol: Allopurinol,Dysphonia: Hoarse (finding)|Change in voice (finding)|Dysphonia (disorder),1167322,50219008|274657005|16617009
-1,Amiodarone: Amiodarone,Rales: Respiratory crackles (finding),1309944,48409008
-1,Amisulpride: Amisulpride,Apathy: Loss of motivation (finding)|Indifference (finding),19057607,277521002|20602000
-1,Acitretin: Acitretin,Burning sensation: Burning sensation (finding)|Burning feet (finding),929638,90673000|36031001
-1,Amitriptyline: Amitriptyline,Glossodynia: Glossodynia (disorder),710062,30731004
-1,Acetylcysteine: Acetylcysteine,Dysphonia: Hoarse (finding)|Change in voice (finding)|Dysphonia (disorder),1139042,50219008|274657005|16617009
-1,Amantadine: Amantadine,Loss of consciousness: Loss of consciousness (finding)|Syncope (disorder)|Unconscious (finding),19087090,419045004|271594007|418107008
-1,Amitriptyline: Amitriptyline,Hypokinesia: Behavior showing reduced motor activity (finding),710062,43994002
-1,Amiodarone: Amiodarone,Fluid retention: Body fluid retention (disorder),1309944,43498006
-1,Amiodarone: Amiodarone,Cachexia: Cachexia (finding),1309944,238108007
-1,Amlodipine: Amlodipine,Oral pain: Sore mouth (finding)|Painful mouth (finding),1332418,162011005|102616008
-1,Aceclofenac: aceclofenac,Head discomfort: Headache (finding),19029393,25064002
-1,Amlodipine: Amlodipine,Pain of skin: Pain of skin (finding),1332418,301364008
-1,Alprazolam: Alprazolam,Pallor: Pale - symptom (finding)|Body pale (finding)|Blanching of skin (finding),781039,267029006|274643008|4470009
-1,Amisulpride: Amisulpride,"Hallucination, visual: Visual hallucinations (finding)",19057607,64269007
-1,Acitretin: Acitretin,Blister: Blister of skin AND/OR mucosa (disorder)|Vesicle (morphologic abnormality),929638,417237009|82515000
-1,Amiodarone: Amiodarone,Oliguria: Oliguria (finding),1309944,83128009
-1,Alteplase: alteplase,Melaena: Melena (disorder),1347450,2901004
-1,Allopurinol: Allopurinol,Folliculitis: Folliculitis (disorder),1167322,13600006
-1,Acetylcysteine: Acetylcysteine,Rhinorrhoea: Nasal discharge (finding),1139042,64531003
-1,Amlodipine: Amlodipine,Haematochezia: Hematochezia (finding),1332418,405729008
-1,Albendazole: Albendazole,Constipation: Chronic constipation (disorder)|Obstipation (disorder)|Constipation (finding)|Therapeutic opioid induced constipation (disorder),1753745,236069009|111360009|14760008|136801000119102
-1,Acetylcysteine: Acetylcysteine,Rhinitis: Common cold (disorder)|Rhinitis (disorder)|Chronic rhinitis (disorder),1139042,82272006|70076002|86094006
-1,Aceclofenac: aceclofenac,Asthma: Acute exacerbation of asthma (disorder)|Exacerbation of asthma (disorder)|Asthmatic bronchitis (disorder)|Allergic asthma (disorder)|Asthma (disorder)|Immunoglobulin E-mediated allergic asthma (disorder)|Pulmonary eosinophilia (disorder),19029393,708038006|281239006|405944004|389145006|195967001|424643009|367542003
-1,Amlodipine: Amlodipine,Haemorrhoids: Internal hemorrhoids (disorder)|Hemorrhoids (disorder),1332418,90458007|70153002
-1,Cyclopentolate: Cyclopentolate,Speech disorder: Difficulty talking (finding)|Disturbance in speech (finding),910232,286378009|29164008
-1,Mirtazapine: Mirtazapine,Hyperreflexia: Hyperreflexia (finding),725131,86854008
-1,Acetazolamide: Acetazolamide,Vertigo: Vertigo (finding)|Peripheral vertigo (disorder),929435,399153001|50438001
-1,Acetylcysteine: Acetylcysteine,Laryngeal oedema: Edema of larynx (disorder)|Edema of glottis (disorder),1139042,51599000|111278002
-1,Amorolfine: Amorolfine,Dermatitis contact: Contact dermatitis caused by adhesive plaster (disorder)|Contact dermatitis (disorder)|Allergic reaction caused by adhesive (disorder),19032619,77560002|40275004|418325008
-1,Acetazolamide: Acetazolamide,Balance disorder: Loss of equilibrium (finding)|Impairment of balance (finding)|Unsteadiness present (finding)|Difficulty balancing (finding),929435,89419008|387603000|267084003|282302006
-1,Amitriptyline: Amitriptyline,Peripheral coldness: Cold extremity (finding),710062,771542000
-1,Amisulpride: Amisulpride,Libido decreased: Reduced libido (finding),19057607,8357008
-1,Abiraterone: abiraterone,Dyspnoea exertional: Dyspnea on exertion (finding),40239056,60845006
-1,Allopurinol: Allopurinol,Musculoskeletal pain: Pain in buttock (finding)|Musculoskeletal pain (finding),1167322,279043006|279069000
-1,Acetylcysteine: Acetylcysteine,Gastrointestinal pain: Abdominal pain (finding),1139042,21522001
-1,Amiodarone: Amiodarone,Generalised oedema: Anasarca (finding),1309944,442433009
-1,Amiodarone: Amiodarone,Peripheral coldness: Cold extremity (finding),1309944,771542000
-1,Alprazolam: Alprazolam,Rash macular: Macular eruption (disorder),781039,271756005
-1,Amisulpride: Amisulpride,Obesity: Morbid obesity (disorder)|Obesity (disorder),19057607,238136002|414916001
-1,Acitretin: Acitretin,Erectile dysfunction: Erectile dysfunction (disorder),929638,860914002
-1,Amitriptyline: Amitriptyline,Hyperreflexia: Hyperreflexia (finding),710062,86854008
-1,Amitriptyline: Amitriptyline,Feeling drunk: Feeling intoxicated (finding),710062,102897001
-1,Allopurinol: Allopurinol,Haematochezia: Hematochezia (finding),1167322,405729008
-1,Aminosalicylic acid: aminosalicylic acid,Flatulence: Passing flatus (finding),1726228,249504006
-1,Amiodarone: Amiodarone,Abnormal loss of weight: Abnormal weight loss (finding)|Unintentional weight loss (finding),1309944,267024001|448765001
-1,Fosamprenavir: fosamprenavir,Lipodystrophy acquired: Lipodystrophy (disorder),1736829,71325002
-1,Perampanel: perampanel,Status epilepticus: Status epilepticus (disorder),42904177,230456007
-1,Ertapenem: ertapenem,Status epilepticus: Status epilepticus (disorder),1717963,230456007
-1,Sulfur hexafluoride: Sulfur Hexafluoride,Presyncope: Vasovagal syncope (disorder)|Near syncope (disorder),45892833,398665005|427461000
-1,Chlorambucil: Chlorambucil,Respiratory tract infection: Respiratory tract infection (disorder),1390051,275498002
-1,Amikacin: Amikacin,Anuria: Anuria (finding),1790868,2472002
-1,Amisulpride: Amisulpride,Hyperthermia: Body temperature above reference range (finding),19057607,50177009
-1,Amorolfine: Amorolfine,Erythema: Erythema (finding)|Erythema of skin (finding)|Face goes red (finding),19032619,247441003|444827008|271811009
-1,Allopurinol: Allopurinol,Oral mucosal blistering: Traumatic blister of mouth (disorder),1167322,283121001
-1,Amitriptyline: Amitriptyline,Obesity: Morbid obesity (disorder)|Obesity (disorder),710062,238136002|414916001
-1,Allopurinol: Allopurinol,Mouth haemorrhage: Bleeding from mouth (finding),1167322,22490002
-1,Alteplase: alteplase,Pharyngeal oedema: Edema of pharynx (disorder),1347450,2129002
-1,Albendazole: Albendazole,Rash macular: Macular eruption (disorder),1753745,271756005
-1,Allopurinol: Allopurinol,Oral pain: Sore mouth (finding)|Painful mouth (finding),1167322,162011005|102616008
-1,Acetazolamide: Acetazolamide,Abdominal discomfort: Upset stomach (finding)|Stomach ache (finding)|Abdominal discomfort (finding)|Gastrointestinal irritation (finding),929435,162059005|271681002|43364001|95516005
-1,Amlodipine: Amlodipine,Ear discomfort: Sensation of blocked ear (finding),1332418,103281005
-1,Aminosalicylic acid: aminosalicylic acid,Abdominal discomfort: Upset stomach (finding)|Stomach ache (finding)|Abdominal discomfort (finding)|Gastrointestinal irritation (finding),1726228,162059005|271681002|43364001|95516005
-1,Aceclofenac: aceclofenac,Mouth ulceration: Ulcer of mouth (disorder),19029393,26284000
-1,Aceclofenac: aceclofenac,Haematemesis: Coffee ground vomiting (disorder)|Hematemesis (disorder),19029393,40835002|8765009
-1,Amitriptyline: Amitriptyline,Pharyngeal oedema: Edema of pharynx (disorder),710062,2129002
-1,Amitriptyline: Amitriptyline,Presyncope: Vasovagal syncope (disorder)|Near syncope (disorder),710062,398665005|427461000
-1,Acetazolamide: Acetazolamide,Paraesthesia oral: Paresthesia of tongue (disorder)|Oral paresthesia (disorder),929435,95527007|95524000
-1,Amitriptyline: Amitriptyline,Cachexia: Cachexia (finding),710062,238108007
-1,Acetylcysteine: Acetylcysteine,Retching: Retching (finding)|Gagging (finding),1139042,84480002|249488009
-1,Amitriptyline: Amitriptyline,Generalised oedema: Anasarca (finding),710062,442433009
-1,Amlodipine: Amlodipine,Abdominal pain lower: Lower abdominal pain (finding),1332418,54586004
-1,Abiraterone: abiraterone,Spinal pain: Pain in spine (finding),40239056,48926009
-1,Allopurinol: Allopurinol,Oral disorder: Oral lesion (finding),1167322,1.07E+12
-1,Amitriptyline: Amitriptyline,Rash macular: Macular eruption (disorder),710062,271756005
-1,Amitriptyline: Amitriptyline,Fluid retention: Body fluid retention (disorder),710062,43498006
-1,Acetylcysteine: Acetylcysteine,Rash pustular: Pustular rash (morphologic abnormality),1139042,48055004
-1,Albendazole: Albendazole,Frequent bowel movements: Frequent defecation (finding),1753745,300381009
-1,Alteplase: alteplase,Oedema mouth: Edema of oral soft tissues (disorder),1347450,9067002
-1,Allopurinol: Allopurinol,Balance disorder: Loss of equilibrium (finding)|Impairment of balance (finding)|Unsteadiness present (finding)|Difficulty balancing (finding),1167322,89419008|387603000|267084003|282302006
-1,Amisulpride: Amisulpride,Sleep disorder: Dyssomnia (disorder)|Sleep disorder (disorder),19057607,44186003|39898005
-1,Allopurinol: Allopurinol,Hyperthermia: Body temperature above reference range (finding),1167322,50177009
-1,Amisulpride: Amisulpride,Epilepsy: Epilepsy (disorder)|Refractory epilepsy (disorder)|Symptomatic generalized epilepsy (disorder)|Epileptic seizure (finding),19057607,84757009|445355009|71831005|313307000
-1,Albendazole: Albendazole,Epigastric discomfort: Epigastric discomfort (finding),1753745,119416008
-1,Amitriptyline: Amitriptyline,Parkinsonism: Parkinsonism caused by drug (disorder)|Parkinsonism (disorder)|Parkinson's disease (disorder),710062,4223005|32798002|49049000
-1,Amitriptyline: Amitriptyline,Oliguria: Oliguria (finding),710062,83128009
-1,Amitriptyline: Amitriptyline,Head discomfort: Headache (finding),710062,25064002
-1,Amikacin: Amikacin,Wheezing: Wheezing (finding),1790868,56018004
-1,Allopurinol: Allopurinol,Papule: Papule of skin (finding),1167322,445328000
-1,Acitretin: Acitretin,Mucosal inflammation: Inflammatory disease of mucous membrane (disorder),929638,95361005
-1,Amitriptyline: Amitriptyline,Poor quality sleep: Difficulty sleeping (finding),710062,301345002
-1,Amisulpride: Amisulpride,Psychomotor hyperactivity: Hyperactive behavior (finding)|Psychomotor agitation (finding),19057607,44548000|47295007
-1,Amlodipine: Amlodipine,Visual field defect: Visual field defect (finding)|Visual field scotoma (finding),1332418,12184005|23388006
-1,Amitriptyline: Amitriptyline,Initial insomnia: Initial insomnia (disorder),710062,59050008
-1,Allopurinol: Allopurinol,Lymphadenitis: Lymphadenitis (disorder),1167322,19471005
-1,Allopurinol: Allopurinol,Gingival bleeding: Bleeding gums (finding),1167322,86276007
-1,Naphazoline: Naphazoline,Mydriasis: Dilated pupil (finding),914533,37125009
-1,Amantadine: Amantadine,Gambling disorder: Compulsive gambling (disorder),19087090,18085000
-1,Etravirine: etravirine,Lipodystrophy acquired: Lipodystrophy (disorder),1758536,71325002
-1,Cyclopentolate: Cyclopentolate,Photophobia: Photophobia (finding)|Eyes sensitive to light (finding),910232,409668002|246622003
-1,Estriol: Estriol,Breast pain: Pain of breast (finding),19049038,53430007
-1,Brinzolamide: brinzolamide,Eye swelling: Swelling of structure of eye (finding),938044,45177002
-1,Estriol: Estriol,Abdominal pain lower: Lower abdominal pain (finding),19049038,54586004
-1,Acetazolamide: Acetazolamide,Disorientation: Disorientated (finding),929435,62476001
-1,Abiraterone: abiraterone,Generalised oedema: Anasarca (finding),40239056,442433009
-1,Albendazole: Albendazole,Somnolence: Drowsy (finding)|Not easily wakened from sleep (finding)|Daytime somnolence (finding)|Feeling intoxicated (finding),1753745,271782001|733504007|141000119100|102897001
-1,Amantadine: Amantadine,Nightmare: Nightmares (finding)|Unpleasant dream (finding),19087090,419145002|419748005
-1,Acetazolamide: Acetazolamide,"Thirst: Thirst, function (observable entity)|Excessive thirst (finding)|Increased thirst (finding)",929435,59299002|17173007|249477003
-1,Aceclofenac: aceclofenac,Photosensitivity reaction: Photosensitivity (finding),19029393,90128006
-1,Allopurinol: Allopurinol,Haematemesis: Coffee ground vomiting (disorder)|Hematemesis (disorder),1167322,40835002|8765009
-1,Amantadine: Amantadine,Urinary tract infection: Recurrent urinary tract infection (disorder)|Urinary tract infectious disease (disorder)|Lower urinary tract infectious disease (disorder)|Chronic urinary tract infection (disorder),19087090,197927001|68566005|4009004|197928006
-1,Amisulpride: Amisulpride,Menstrual disorder: Disorder of menstruation (disorder),19057607,386804004
-1,Amitriptyline: Amitriptyline,Muscle rigidity: Muscle rigidity (finding),710062,16046003
-1,Acamprosate: acamprosate,Somnolence: Drowsy (finding)|Not easily wakened from sleep (finding)|Daytime somnolence (finding)|Feeling intoxicated (finding),19043959,271782001|733504007|141000119100|102897001
-1,Allopurinol: Allopurinol,Ecchymosis: Ecchymosis (finding),1167322,302227002
-1,Aceclofenac: aceclofenac,Flatulence: Passing flatus (finding),19029393,249504006
-1,Amiodarone: Amiodarone,"Hallucination, visual: Visual hallucinations (finding)",1309944,64269007
-1,Amantadine: Amantadine,Hypokinesia: Behavior showing reduced motor activity (finding),19087090,43994002
-1,Amantadine: Amantadine,Amnesia: Amnesia (finding)|Poor short-term memory (finding),19087090,48167000|247592009
-1,Cycloserine: Cycloserine,Acute psychosis: Psychotic disorder (disorder),1710446,69322001
-1,Terlipressin: terlipressin,Skin necrosis: Skin necrosis (disorder),19119253,95347000
-1,Zuclopenthixol: Zuclopenthixol,Torticollis: Torticollis (disorder)|Spasmodic torticollis (disorder),19010886,70070008|74333002
-1,Dequalinium: Dequalinium,Vaginal haemorrhage: Bleeding from vagina (finding),19016063,289530006
-1,Desogestrel: Desogestrel,Vulvovaginal dryness: Vaginal dryness (disorder),1588000,31908003
-1,Povidone-iodine: Povidone-Iodine,Chemical burn: Chemical burn (disorder),1750087,426284001
-1,Etofenamate: etofenamate,Application site erythema: Application site erythema (disorder),19095561,863892004
-1,Lercanidipine: lercanidipine,Gingival hypertrophy: Hyperplasia of gingiva (disorder),19015802,441798003
-1,Acitretin: Acitretin,Paronychia: Paronychia (disorder),929638,71906005
-1,Pilocarpine: Pilocarpine,Salivary hypersecretion: Excessive salivation (disorder),945286,53827007
-1,Amorolfine: Amorolfine,Blister: Blister of skin AND/OR mucosa (disorder)|Vesicle (morphologic abnormality),19032619,417237009|82515000
-1,Oxatomide: oxatomide,Extrapyramidal disorder: Extrapyramidal disease (disorder)|Extrapyramidal sign (finding),19071314,76349003|43378000
-1,Ivabradine: ivabradine,Impaired driving ability: Difficulty driving a car (finding),46234437,300638003
-1,Cyclopentolate: Cyclopentolate,Ocular hyperaemia: Hyperemia of eye (finding)|Red eye (disorder)|Bilateral red eyes (disorder),910232,781682005|75705005|12241791000119109
-1,Cyclopentolate: Cyclopentolate,Eye irritation: Burning sensation in eye (finding)|Sensation of irritation of eye proper (finding),910232,2070002|705083008
-1,Zolpidem: zolpidem,Psychomotor retardation: Motor retardation (finding),744740,398991009
-1,Desogestrel: Desogestrel,Breast tenderness: Breast tenderness (finding),1588000,55222007
-1,Capsaicin: Capsaicin,Application site pruritus: Application site itching (disorder),939881,863889003
-1,Bicalutamide: bicalutamide,Breast tenderness: Breast tenderness (finding),1344381,55222007
-1,Benzydamine: Benzydamine,Pharyngeal oedema: Edema of pharynx (disorder),19019620,2129002
-1,Cyclopentolate: Cyclopentolate,"Hallucination, visual: Visual hallucinations (finding)",910232,64269007
-1,Lercanidipine: lercanidipine,Nocturia: Nocturia (finding),19015802,139394000
-1,Desogestrel: Desogestrel,Menometrorrhagia: Menometrorrhagia (finding),1588000,314631008
-1,Isoxsuprine: Isoxsuprine,Tachycardia: Tachycardia (finding),1384360,3424008
-1,Agomelatine: Agomelatine,Impaired driving ability: Difficulty driving a car (finding),36878783,300638003
-1,Melatonin: Melatonin|MELATONIN RAPID RELEASE GELCAPS 10 MG - melatonin rapid release gelcaps tablet,Restlessness: Restlessness (finding),1301152|1301152,162221009
-1,Permethrin: Permethrin,Skin burning sensation: Burning sensation of skin (finding),922868,762397008
-1,Benzydamine: Benzydamine,Swollen tongue: Tongue swelling (finding),19019620,421262002
-1,Lacosamide: lacosamide,Nystagmus: Nystagmus (disorder),19087394,563001
-1,Clotrimazole: Clotrimazole,Skin irritation: Skin irritation (finding),1000632,367466007
-1,Benzoyl peroxide: Benzoyl Peroxide,Dermatitis allergic: Cutaneous hypersensitivity (disorder)|Atopic dermatitis (disorder),918172,21626009|24079001
-1,Isoxsuprine: Isoxsuprine,Palpitations: Pounding heart (finding)|Palpitations (finding)|Pulse fast (finding),1384360,248657009|80313002|86651002
-1,Perampanel: perampanel,Dysarthria: Unable to articulate clearly (finding)|Slurred speech (finding)|Dysarthria (finding),42904177,286295003|289195008|8011004
-1,Agomelatine: Agomelatine,Restless legs syndrome: Restless legs (disorder),36878783,32914008
-1,Agomelatine: Agomelatine,Middle insomnia: Middle insomnia (disorder),36878783,67233009
-1,Agomelatine: Agomelatine,Depressed mood: Depressed mood (finding)|Feeling unhappy (finding),36878783,366979004|420038007
-1,Ambroxol: Ambroxol,Lip oedema: Lip swelling (finding),19088167,699376002
-1,Agomelatine: Agomelatine,Chromaturia: Discolored urine (finding),36878783,102867009
-1,Agomelatine: Agomelatine,Disturbance in attention: Disturbance of attention (finding)|Unable to concentrate (finding),36878783,76039005|60032008
-1,Agomelatine: Agomelatine,Migraine: Transformed migraine (disorder)|Migraine (disorder),36878783,427419006|37796009
-1,Agomelatine: Agomelatine,Nervousness: Feeling nervous (finding),36878783,424196004
-1,Acamprosate: acamprosate,Rash maculo-papular: Maculopapular eruption (disorder),19043959,247471006
-1,Abacavir: abacavir,Gastritis: Gastroduodenitis (disorder)|Acute gastritis (disorder)|Gastritis (disorder),1736971,196731005|25458004|4556007
-1,Agomelatine: Agomelatine,Hallucination: Hallucinations (finding),36878783,7011001
-1,Amitriptyline: Amitriptyline,Panic reaction: Panic (finding),710062,79823003
-1,Agomelatine: Agomelatine,Amnesia: Amnesia (finding)|Poor short-term memory (finding),36878783,48167000|247592009
-1,Agomelatine: Agomelatine,Dyskinesia: Spasmodic movement (finding)|Dyskinesia (finding)|Involuntary movement (finding)|Abnormal involuntary movement (disorder)|Uneven movement (finding)|Abnormal movement (finding),36878783,249966004|9748009|267078001|260912008|249962002|225606002
-1,Agomelatine: Agomelatine,Pollakiuria: Finding of frequency of urination (finding)|Increased frequency of urination (finding),36878783,300471006|162116003
-1,Ambroxol: Ambroxol,Tongue oedema: Edema of the tongue (disorder),19088167,81950002
-1,Ambroxol: Ambroxol,Dermatitis allergic: Cutaneous hypersensitivity (disorder)|Atopic dermatitis (disorder),19088167,21626009|24079001
-1,Ambroxol: Ambroxol,Swollen tongue: Tongue swelling (finding),19088167,421262002
-1,Agomelatine: Agomelatine,Feeling abnormal: Feeling abnormal (finding)|Muzzy headed (finding)|Feeling bad (finding)|Malaise (finding),36878783,788375006|248224004|225013001|367391008
-1,Agomelatine: Agomelatine,Abdominal discomfort: Upset stomach (finding)|Stomach ache (finding)|Abdominal discomfort (finding)|Gastrointestinal irritation (finding),36878783,162059005|271681002|43364001|95516005
-1,Agomelatine: Agomelatine,Visual impairment: Seeing spots in front of eyes (finding)|Visual disturbance (disorder)|Sight deteriorating (finding)|Abnormal vision (finding)|Visual impairment (disorder),36878783,418008001|63102001|225581002|7973008|397540003
-1,Agomelatine: Agomelatine,Panic attack: Panic attack (finding),36878783,225624000
-1,Acenocoumarol: Acenocoumarol,Hemiplegia: Hemiplegia (disorder),19024063,50582007
-1,Agomelatine: Agomelatine,Psychotic disorder: Paranoid disorder (disorder)|Psychotic disorder (disorder),36878783,191667009|69322001
-1,Ambroxol: Ambroxol,Salivary hypersecretion: Excessive salivation (disorder),19088167,53827007
-1,Acitretin: Acitretin,Dry eye: Tear film insufficiency (disorder)|Dry eyes (finding),929638,46152009|162290004
-1,Agomelatine: Agomelatine,Balance disorder: Loss of equilibrium (finding)|Impairment of balance (finding)|Unsteadiness present (finding)|Difficulty balancing (finding),36878783,89419008|387603000|267084003|282302006
-1,Agomelatine: Agomelatine,Initial insomnia: Initial insomnia (disorder),36878783,59050008
-1,Agomelatine: Agomelatine,Mood altered: Mood swings (finding)|Disturbance in mood (finding),36878783,18963009|48079002
-1,Agomelatine: Agomelatine,Disorientation: Disorientated (finding),36878783,62476001
-1,Ambroxol: Ambroxol,Rash pustular: Pustular rash (morphologic abnormality),19088167,48055004
-1,Agomelatine: Agomelatine,Tension: Tension (finding),36878783,53489000
-1,Amisulpride: Amisulpride,Arrhythmia: Cardiac arrhythmia (disorder),19057607,698247007
-1,Ambroxol: Ambroxol,Ageusia: Loss of taste (finding),19088167,36955009
-1,Agomelatine: Agomelatine,Swollen tongue: Tongue swelling (finding),36878783,421262002
-1,Ambroxol: Ambroxol,Laryngeal oedema: Edema of larynx (disorder)|Edema of glottis (disorder),19088167,51599000|111278002
-1,Amikacin: Amikacin,Oliguria: Oliguria (finding),1790868,83128009
-1,Ambroxol: Ambroxol,Throat tightness: Constriction in throat (finding)|Tightness in throat (finding),19088167,247324004|247323005
-1,Amitriptyline: Amitriptyline,Epigastric discomfort: Epigastric discomfort (finding),710062,119416008
-1,Acenocoumarol: Acenocoumarol,Menorrhagia: Menorrhagia (finding),19024063,386692008
-1,Acenocoumarol: Acenocoumarol,Tinnitus: Tinnitus (finding),19024063,60862001
-1,Acenocoumarol: Acenocoumarol,Decreased appetite: Decrease in appetite (finding)|Loss of appetite (finding),19024063,64379006|79890006
-1,Ambroxol: Ambroxol,Pneumonia: Infectious disease of lung (disorder)|Recurrent pneumonia (disorder)|Bilateral pneumonia (disorder)|Lobar pneumonia (disorder)|Nosocomial pneumonia (disorder)|Pneumonia (disorder)|Community acquired pneumonia (disorder)|Bronchopneumonia (disorder),19088167,128601007|699014000|407671000|278516003|425464007|233604007|385093006|396285007
-1,Acenocoumarol: Acenocoumarol,Palpitations: Pounding heart (finding)|Palpitations (finding)|Pulse fast (finding),19024063,248657009|80313002|86651002
-1,Agomelatine: Agomelatine,Head discomfort: Headache (finding),36878783,25064002
-1,Amorolfine: Amorolfine,Application site erythema: Application site erythema (disorder),19032619,863892004
-1,Agomelatine: Agomelatine,Nocturia: Nocturia (finding),36878783,139394000
-1,Agomelatine: Agomelatine,Increased appetite: Increased appetite (finding),36878783,72405004
-1,Alprazolam: Alprazolam,Dermatitis: Inflammatory dermatosis (disorder),781039,703938007
-1,Agomelatine: Agomelatine,"Hallucination, visual: Visual hallucinations (finding)",36878783,64269007
-1,Acitretin: Acitretin,Jaundice: Jaundice (finding),929638,18165001
-1,Amantadine: Amantadine,Syncope: Syncope (disorder)|Vasovagal syncope (disorder),19087090,271594007|398665005
-1,Agomelatine: Agomelatine,Faeces discoloured: Dark stools (finding),36878783,35064005
-1,Ambroxol: Ambroxol,Eye swelling: Swelling of structure of eye (finding),19088167,45177002
-1,Acetazolamide: Acetazolamide,Photosensitivity reaction: Photosensitivity (finding),929435,90128006
-1,Acitretin: Acitretin,"Thirst: Thirst, function (observable entity)|Excessive thirst (finding)|Increased thirst (finding)",929638,59299002|17173007|249477003
-1,Amitriptyline: Amitriptyline,Body temperature increased: Body temperature above reference range (finding),710062,50177009
-1,Acenocoumarol: Acenocoumarol,Bradycardia: Bradycardia (finding),19024063,48867003
-1,Ambroxol: Ambroxol,Oedema mouth: Edema of oral soft tissues (disorder),19088167,9067002
-1,Acenocoumarol: Acenocoumarol,Arrhythmia: Cardiac arrhythmia (disorder),19024063,698247007
-1,Agomelatine: Agomelatine,Dermatitis allergic: Cutaneous hypersensitivity (disorder)|Atopic dermatitis (disorder),36878783,21626009|24079001
-1,Ambroxol: Ambroxol,Skin reaction: Skin reaction (observable entity)|Finding of skin reaction (finding),19088167,251348006|366667001
-1,Acenocoumarol: Acenocoumarol,Injection site haematoma: Injection site bruising (disorder),19024063,95401009
-1,Agomelatine: Agomelatine,Burning sensation: Burning sensation (finding)|Burning feet (finding),36878783,90673000|36031001
-1,Acetazolamide: Acetazolamide,Haematuria: Frank hematuria (disorder)|Blood in urine (finding),929435,197941005|34436003
-1,Acitretin: Acitretin,Bone pain: Bone pain (finding),929638,12584003
-1,Agomelatine: Agomelatine,"Hallucination, auditory: Auditory hallucinations (finding)",36878783,45150006
-1,Ambroxol: Ambroxol,Gastrointestinal pain: Abdominal pain (finding),19088167,21522001
-1,Amorolfine: Amorolfine,Application site pain: Application site pain (finding),19032619,95367009
-1,Ambroxol: Ambroxol,Epigastric discomfort: Epigastric discomfort (finding),19088167,119416008
-1,Ambroxol: Ambroxol,Rhinorrhoea: Nasal discharge (finding),19088167,64531003
-1,Ambroxol: Ambroxol,Sleep disorder: Dyssomnia (disorder)|Sleep disorder (disorder),19088167,44186003|39898005
-1,Acenocoumarol: Acenocoumarol,Hyperhidrosis: Sweating (finding)|Sweating attack (finding)|Hyperhidrosis (disorder)|Excessive sweating (finding),19024063,415690000|300938001|312230002|52613005
